,0,1,2,3,4,5,6,7,8,9,10,11,12,13,14,15,16
0,canon,digital,camera,powershot,a3500,,,,,,,,,,,,
1,canon,eos,40d,,,,,,,,,,,,,,
2,canon,eos,5d,,,,,,,,,,,,,,
3,canon,eos,5d,,,,,,,,,,,,,,
4,canon,eos,60d,,,,,,,,,,,,,,
5,canon,eos,6d,,,,,,,,,,,,,,
6,canon,eos,70d,,,,,,,,,,,,,,
7,canon,eos,7d,,,,,,,,,,,,,,
8,canon,eos,digital,rebel,300d,,,,,,,,,,,,
9,canon,eos,m,,,,,,,,,,,,,,
10,canon,eos,rebel,sl1,,,,,,,,,,,,,
11,canon,eos,rebel,t1i,,,,,,,,,,,,,
12,canon,eos,rebel,t2i,,,,,,,,,,,,,
13,canon,eos,rebel,t3,,,,,,,,,,,,,
14,canon,eos,rebel,t3i,,,,,,,,,,,,,
15,canon,eos,rebel,t4i,,,,,,,,,,,,,
16,canon,eos,rebel,t5,,,,,,,,,,,,,
17,canon,eos-1d,,,,,,,,,,,,,,,
18,canon,g12,10,,,,,,,,,,,,,,
19,canon,powershot,a1200,,,,,,,,,,,,,,
20,canon,powershot,a1400,,,,,,,,,,,,,,
21,canon,powershot,a2400,,,,,,,,,,,,,,
22,canon,powershot,a2500,,,,,,,,,,,,,,
23,canon,powershot,a2600,,,,,,,,,,,,,,
24,canon,powershot,a4000is,,,,,,,,,,,,,,
25,canon,powershot,a495,,,,,,,,,,,,,,
26,canon,powershot,a800,,,,,,,,,,,,,,
27,canon,powershot,d30,waterproof,digital,camera,,,,,,,,,,,
28,canon,powershot,elph,110,hs,,,,,,,,,,,,
29,canon,powershot,elph,115,,,,,,,,,,,,,
30,canon,powershot,elph,130,,,,,,,,,,,,,
31,canon,powershot,elph,300,,,,,,,,,,,,,
32,canon,powershot,elph,310,,,,,,,,,,,,,
33,canon,powershot,elph,320,,,,,,,,,,,,,
34,canon,powershot,elph,330,,,,,,,,,,,,,
35,canon,powershot,elph,520,,,,,,,,,,,,,
36,canon,powershot,elph,530,,,,,,,,,,,,,
37,canon,powershot,elph,530,,,,,,,,,,,,,
38,canon,powershot,g1,x,,,,,,,,,,,,,
39,canon,powershot,g15,,,,,,,,,,,,,,
40,canon,powershot,g16,,,,,,,,,,,,,,
41,canon,powershot,g1x,,,,,,,,,,,,,,
42,canon,powershot,n,,,,,,,,,,,,,,
43,canon,powershot,s100,,,,,,,,,,,,,,
44,canon,powershot,s110,,,,,,,,,,,,,,
45,canon,powershot,s120,,,,,,,,,,,,,,
46,canon,powershot,s90,,,,,,,,,,,,,,
47,canon,powershot,s95,,,,,,,,,,,,,,
48,canon,powershot,sd1400,,,,,,,,,,,,,,
49,canon,powershot,sd4000,,,,,,,,,,,,,,
50,canon,powershot,sd4500,,,,,,,,,,,,,,
51,canon,powershot,sx130,,,,,,,,,,,,,,
52,canon,powershot,sx160,,,,,,,,,,,,,,
53,canon,powershot,sx170,,,,,,,,,,,,,,
54,canon,powershot,sx1,,,,,,,,,,,,,,
55,canon,powershot,sx20,,,,,,,,,,,,,,
56,canon,powershot,sx230,,,,,,,,,,,,,,
57,canon,powershot,sx260,,,,,,,,,,,,,,
58,canon,powershot,sx50,,,,,,,,,,,,,,
59,canon,powershot,sx510,,,,,,,,,,,,,,
60,canon,powershot,sx600,,,,,,,,,,,,,,
61,canon,powershot,sx700,,,,,,,,,,,,,,
62,canon,rebel,t5i,,,,,,,,,,,,,,
63,canon,sx30is,,,,,,,,,,,,,,,
64,canon,sx40,hs,,,,,,,,,,,,,,
65,casio,ex-fh100,,,,,,,,,,,,,,,
66,emerson,go,action,cam,720p,hd,digital,video,camera,pro,grade,5,mp,video,with,screen,white
67,eos,5d,mark,ii,,,,,,,,,,,,,
68,ex2f,,,,,,,,,,,,,,,,
69,fuji,finepix,a120,,,,,,,,,,,,,,
70,fuji,finepix,e550,,,,,,,,,,,,,,
71,fuji,finepix,s3300,,,,,,,,,,,,,,
72,fujifilm,3d,digital,camera,finepix,real,3d,w3,f,fx-3d,w3s,(japan,import),,,,
73,fujifilm,f800exr,,,,,,,,,,,,,,,
74,fujifilm,finepix,ax650,,,,,,,,,,,,,,
75,fujifilm,finepix,f300exr,,,,,,,,,,,,,,
76,fujifilm,finepix,f500exr,,,,,,,,,,,,,,
77,fujifilm,finepix,f550exr,,,,,,,,,,,,,,
78,fujifilm,finepix,f770exr,,,,,,,,,,,,,,
79,fujifilm,finepix,f900exr,,,,,,,,,,,,,,
80,fujifilm,finepix,hs10,,,,,,,,,,,,,,
81,fujifilm,finepix,hs20,,,,,,,,,,,,,,
82,fujifilm,finepix,hs30,,,,,,,,,,,,,,
83,fujifilm,finepix,hs35,,,,,,,,,,,,,,
84,fujifilm,finepix,hs50,,,,,,,,,,,,,,
85,fujifilm,finepix,jx680,,,,,,,,,,,,,,
86,fujifilm,finepix,real,3d,w3,,,,,,,,,,,,
87,fujifilm,finepix,s1,,,,,,,,,,,,,,
88,fujifilm,finepix,s2800hd,,,,,,,,,,,,,,
89,fujifilm,finepix,s5,,,,,,,,,,,,,,
90,fujifilm,finepix,s8200,,,,,,,,,,,,,,
91,fujifilm,finepix,sl1000,,,,,,,,,,,,,,
92,fujifilm,finepix,t300,,,,,,,,,,,,,,
93,fujifilm,x10,,,,,,,,,,,,,,,
94,fujifilm,x100,,,,,,,,,,,,,,,
95,fujifilm,x100s,,,,,,,,,,,,,,,
96,fujifilm,x20,,,,,,,,,,,,,,,
97,fujifilm,x-a1,,,,,,,,,,,,,,,
98,fujifilm,x-e1,,,,,,,,,,,,,,,
99,fujifilm,x-e1,,,,,,,,,,,,,,,
100,fujifilm,x-e2,,,,,,,,,,,,,,,
101,fujifilm,xf1,,,,,,,,,,,,,,,
102,fujifilm,x-m1,,,,,,,,,,,,,,,
103,fujifilm,x-pro,1,,,,,,,,,,,,,,
104,fujifilm,xq1,,,,,,,,,,,,,,,
105,fujifilm,x-s1,,,,,,,,,,,,,,,
106,fujifilm,x-t1,,,,,,,,,,,,,,,
107,ge,power,pro,x500-bk,,,,,,,,,,,,,
108,kodak,easyshare,c122,,,,,,,,,,,,,,
109,kodak,easyshare,c182,,,,,,,,,,,,,,
110,kodak,easyshare,c195,,,,,,,,,,,,,,
111,kodak,easyshare,m340,,,,,,,,,,,,,,
112,kodak,easyshare,m580,,,,,,,,,,,,,,
113,kodak,easyshare,z981,,,,,,,,,,,,,,
114,kodak,easyshare,z990,,,,,,,,,,,,,,
115,kodak,easyshare,zd15,,,,,,,,,,,,,,
116,konica,minolta,dimage,a200,,,,,,,,,,,,,
117,konica,minolta,x60,,,,,,,,,,,,,,
118,leica,10760,m,,,,,,,,,,,,,,
119,leica,10803,s,,,,,,,,,,,,,,
120,leica,c,typ112,,,,,,,,,,,,,,
121,leica,digilux,,,,,,,,,,,,,,,
122,leica,d-lux,4,,,,,,,,,,,,,,
123,leica,dlux,6,,,,,,,,,,,,,,
124,leica,d-lux5,,,,,,,,,,,,,,,
125,leica,v-lux,1,,,,,,,,,,,,,,
126,leica,x1,,,,,,,,,,,,,,,
127,lomography,spinner,360&deg;,panorama,camera,,,,,,,,,,,,
128,lytro,light,field,camera,,,,,,,,,,,,,
129,nikon,1,aw1,,,,,,,,,,,,,,
130,nikon,1,j1,,,,,,,,,,,,,,
131,nikon,1,j3,,,,,,,,,,,,,,
132,nikon,1,v1,,,,,,,,,,,,,,
133,nikon,1,v2,,,,,,,,,,,,,,
134,nikon,1,v3,,,,,,,,,,,,,,
135,nikon,coolpix,aw120,,,,,,,,,,,,,,
136,nikon,coolpix,l120,,,,,,,,,,,,,,
137,nikon,coolpix,l28,,,,,,,,,,,,,,
138,nikon,coolpix,l820,,,,,,,,,,,,,,
139,nikon,coolpix,p100,,,,,,,,,,,,,,
140,nikon,coolpix,p300,,,,,,,,,,,,,,
141,nikon,coolpix,p310,,,,,,,,,,,,,,
142,nikon,coolpix,p330,,,,,,,,,,,,,,
143,nikon,coolpix,p340,,,,,,,,,,,,,,
144,nikon,coolpix,p500,,,,,,,,,,,,,,
145,nikon,coolpix,p520,,,,,,,,,,,,,,
146,nikon,coolpix,p600,,,,,,,,,,,,,,
147,nikon,coolpix,p7000,,,,,,,,,,,,,,
148,nikon,coolpix,p7100,,,,,,,,,,,,,,
149,nikon,coolpix,p7700,,,,,,,,,,,,,,
150,nikon,coolpix,p7800,,,,,,,,,,,,,,
151,nikon,coolpix,s205,,,,,,,,,,,,,,
152,nikon,coolpix,s3100,,,,,,,,,,,,,,
153,nikon,coolpix,s3100,,,,,,,,,,,,,,
154,nikon,coolpix,s8000,,,,,,,,,,,,,,
155,nikon,coolpix,s8200,,,,,,,,,,,,,,
156,nikon,coolpix,s9100,,,,,,,,,,,,,,
157,nikon,coolpix,s9500,,,,,,,,,,,,,,
158,nikon,coolpix,s9500,,,,,,,,,,,,,,
159,nikon,d100,,,,,,,,,,,,,,,
160,nikon,d200,,,,,,,,,,,,,,,
161,nikon,d300s,,,,,,,,,,,,,,,
162,nikon,d3100,,,,,,,,,,,,,,,
163,nikon,d3200,,,,,,,,,,,,,,,
164,nikon,d3300,,,,,,,,,,,,,,,
165,nikon,d4,,,,,,,,,,,,,,,
166,nikon,d4s,,,,,,,,,,,,,,,
167,nikon,d5100,,,,,,,,,,,,,,,
168,nikon,d5200,,,,,,,,,,,,,,,
169,nikon,d5300,,,,,,,,,,,,,,,
170,nikon,d60,,,,,,,,,,,,,,,
171,nikon,d600,,,,,,,,,,,,,,,
172,nikon,d610,,,,,,,,,,,,,,,
173,nikon,d7000,,,,,,,,,,,,,,,
174,nikon,d7100,,,,,,,,,,,,,,,
175,nikon,d80,,,,,,,,,,,,,,,
176,nikon,d80,,,,,,,,,,,,,,,
177,nikon,d800,,,,,,,,,,,,,,,
178,nikon,d800e,,,,,,,,,,,,,,,
179,nikon,d90,,,,,,,,,,,,,,,
180,nikon,df,,,,,,,,,,,,,,,
181,nx1000,20.3,,,,,,,,,,,,,,,
182,olympus,262855,,,,,,,,,,,,,,,
183,olympus,tg-820,,,,,,,,,,,,,,,
184,olympus,e30,,,,,,,,,,,,,,,
185,olympus,e-5,,,,,,,,,,,,,,,
186,olympus,e-p2,,,,,,,,,,,,,,,
187,olympus,e-p5,,,,,,,,,,,,,,,
188,olympus,e-pm2,,,,,,,,,,,,,,,
189,olympus,evolt,e520,,,,,,,,,,,,,,
190,olympus,evolt,e620,,,,,,,,,,,,,,
191,olympus,fe210,,,,,,,,,,,,,,,
192,olympus,om-d,e-m1,,,,,,,,,,,,,,
193,olympus,om-d,e-m10,,,,,,,,,,,,,,
194,olympus,om-d,e-m5,,,,,,,,,,,,,,
195,olympus,pen,e-p1,,,,,,,,,,,,,,
196,olympus,pen,e-p1,,,,,,,,,,,,,,
197,olympus,pen,e-p2,,,,,,,,,,,,,,
198,olympus,pen,e-p3,,,,,,,,,,,,,,
199,olympus,pen,e-pl1,,,,,,,,,,,,,,
200,olympus,pen,e-pl2,,,,,,,,,,,,,,
201,olympus,pen,e-pl2,,,,,,,,,,,,,,
202,olympus,pen,e-pl3,,,,,,,,,,,,,,
203,olympus,pen,e-pm1,,,,,,,,,,,,,,
204,olympus,sp-720uz,,,,,,,,,,,,,,,
205,olympus,stylus,1,,,,,,,,,,,,,,
206,olympus,stylus,sh-50,,,,,,,,,,,,,,
207,olympus,sz-,,,,,,,,,,,,,,,
208,olympus,tough,tg-620,,,,,,,,,,,,,,
209,olympus,tough,tg-830,,,,,,,,,,,,,,
210,olympus,xz-1,,,,,,,,,,,,,,,
211,olympus,xz-2,,,,,,,,,,,,,,,
212,panasonic,dmc-fh25k,,,,,,,,,,,,,,,
213,panasonic,dmc-fh25k,,,,,,,,,,,,,,,
214,panasonic,dmc-fz150k,,,,,,,,,,,,,,,
215,panasonic,dmc-g5kk,,,,,,,,,,,,,,,
216,panasonic,dmc-gf5kk,,,,,,,,,,,,,,,
217,panasonic,dmc-gf6kk,,,,,,,,,,,,,,,
218,panasonic,dmc-gh1k,,,,,,,,,,,,,,,
219,panasonic,dmc-lx2k,,,,,,,,,,,,,,,
220,panasonic,dmc-zs40k,,,,,,,,,,,,,,,
221,panasonic,dmc-zs9,,,,,,,,,,,,,,,
222,panasonic,lumix,dmc,fh-8,,,,,,,,,,,,,
223,panasonic,lumix,dmc-3d1,,,,,,,,,,,,,,
224,panasonic,lumix,dmc-fh1,,,,,,,,,,,,,,
225,panasonic,lumix,dmc-fh20,,,,,,,,,,,,,,
226,panasonic,lumix,dmc-fz100,,,,,,,,,,,,,,
227,panasonic,lumix,dmc-fz200,,,,,,,,,,,,,,
228,panasonic,lumix,dmc-fz35,,,,,,,,,,,,,,
229,panasonic,lumix,dmc-fz47k,,,,,,,,,,,,,,
230,panasonic,lumix,dmc-fz47k,,,,,,,,,,,,,,
231,panasonic,lumix,dmc-fz60,,,,,,,,,,,,,,
232,panasonic,lumix,dmc-fz70,,,,,,,,,,,,,,
233,panasonic,lumix,dmc-g1,,,,,,,,,,,,,,
234,panasonic,lumix,dmc-g10,,,,,,,,,,,,,,
235,panasonic,lumix,dmc-g3,,,,,,,,,,,,,,
236,panasonic,lumix,dmc-gf1,,,,,,,,,,,,,,
237,panasonic,lumix,dmc-gf2,,,,,,,,,,,,,,
238,panasonic,lumix,dmc-gf3ct,,,,,,,,,,,,,,
239,panasonic,lumix,dmc-gf3kk,,,,,,,,,,,,,,
240,panasonic,lumix,dmc-gh2,,,,,,,,,,,,,,
241,panasonic,lumix,dmc-gh3k,,,,,,,,,,,,,,
242,panasonic,lumix,dmc-gh4kbody,,,,,,,,,,,,,,
243,panasonic,lumix,dmc-gm1ks,,,,,,,,,,,,,,
244,panasonic,lumix,dmc-gx1k,,,,,,,,,,,,,,
245,panasonic,lumix,dmc-lf1,,,,,,,,,,,,,,
246,panasonic,lumix,dmc-lx5,,,,,,,,,,,,,,
247,panasonic,lumix,dmc-lx7w,,,,,,,,,,,,,,
248,panasonic,lumix,dmc-s3,,,,,,,,,,,,,,
249,panasonic,lumix,dmc-zr3,,,,,,,,,,,,,,
250,panasonic,lumix,dmc-zr3,,,,,,,,,,,,,,
251,panasonic,lumix,dmc-zs10,,,,,,,,,,,,,,
252,panasonic,lumix,dmc-zs25,,,,,,,,,,,,,,
253,panasonic,lumix,dmc-zs6,,,,,,,,,,,,,,
254,panasonic,lumix,dmc-zs7,,,,,,,,,,,,,,
255,panasonic,lumix,dmc-zs8,,,,,,,,,,,,,,
256,panasonic,lumix,,,,,,,,,,,,,,,
257,panasonic,lumix,gx7,,,,,,,,,,,,,,
258,panasonic,lumix,sz1,,,,,,,,,,,,,,
259,panasonic,lumix,sz7,,,,,,,,,,,,,,
260,panasonic,lumix,zs15,,,,,,,,,,,,,,
261,panasonic,lumix,zs20,,,,,,,,,,,,,,
262,pentax,15274,,,,,,,,,,,,,,,
263,pentax,645d,,,,,,,,,,,,,,,
264,pentax,k-01,,,,,,,,,,,,,,,
265,pentax,k-30,,,,,,,,,,,,,,,
266,pentax,k-5,,,,,,,,,,,,,,,
267,pentax,k-50,,,,,,,,,,,,,,,
268,pentax,k-x,,,,,,,,,,,,,,,
269,pentax,mx-1,,,,,,,,,,,,,,,
270,pentax,optio,s40,,,,,,,,,,,,,,
271,pentax,optio,wg-3,,,,,,,,,,,,,,
272,pentax,q,,,,,,,,,,,,,,,
273,pentax,q7,,,,,,,,,,,,,,,
274,polaroid,is2132,,,,,,,,,,,,,,,
275,ricoh,gr,,,,,,,,,,,,,,,
276,ricoh,theta,,,,,,,,,,,,,,,
277,samsung,digimax,l85,,,,,,,,,,,,,,
278,samsung,ec-pl210,,,,,,,,,,,,,,,
279,samsung,ec-sh100,,,,,,,,,,,,,,,
280,samsung,ec-tl500zbpbus,,,,,,,,,,,,,,,
281,samsung,ev-nx100,,,,,,,,,,,,,,,
282,samsung,nx,mini,,,,,,,,,,,,,,
283,samsung,nx100,,,,,,,,,,,,,,,
284,samsung,nx1000,,,,,,,,,,,,,,,
285,samsung,nx1100,,,,,,,,,,,,,,,
286,samsung,nx1100,,,,,,,,,,,,,,,
287,samsung,nx200,,,,,,,,,,,,,,,
288,samsung,nx2000,,,,,,,,,,,,,,,
289,samsung,nx210,,,,,,,,,,,,,,,
290,samsung,nx210,,,,,,,,,,,,,,,
291,samsung,nx30,,,,,,,,,,,,,,,
292,samsung,nx30,,,,,,,,,,,,,,,
293,samsung,nx300,,,,,,,,,,,,,,,
294,samsung,tl105,,,,,,,,,,,,,,,
295,samsung,tl350,,,,,,,,,,,,,,,
296,samsung,wb150f,,,,,,,,,,,,,,,
297,samsung,wb150f,,,,,,,,,,,,,,,
298,samsung,wb250f,,,,,,,,,,,,,,,
299,samsung,wb250f,,,,,,,,,,,,,,,
300,sigma,c78900,,,,,,,,,,,,,,,
301,sigma,c79900,,,,,,,,,,,,,,,
302,sigma,dp1,,,,,,,,,,,,,,,
303,sigma,dp2,,,,,,,,,,,,,,,
304,sigma,dp2s,,,,,,,,,,,,,,,
305,sigma,dp2x,,,,,,,,,,,,,,,
306,sigma,sd15,,,,,,,,,,,,,,,
307,sony,a,(alpha),slt-a65v,(a65),,,,,,,,,,,,
308,sony,a3000,,,,,,,,,,,,,,,
309,sony,a55,,,,,,,,,,,,,,,
310,sony,a65,,,,,,,,,,,,,,,
311,sony,a7,,,,,,,,,,,,,,,
312,sony,a77,,,,,,,,,,,,,,,
313,sony,a7r,full-frame,,,,,,,,,,,,,,
314,sony,alpha,a6000,,,,,,,,,,,,,,
315,sony,alpha,a7s,,,,,,,,,,,,,,
316,sony,alpha,dslr-a300,,,,,,,,,,,,,,
317,sony,alpha,nex,nex5k/s,,,,,,,,,,,,,
318,sony,alpha,nex-c3,,,,,,,,,,,,,,
319,sony,alpha,slt-a35,,,,,,,,,,,,,,
320,sony,alpha,slt-a37k,,,,,,,,,,,,,,
321,sony,alpha,slt-a57,,,,,,,,,,,,,,
322,sony,alpha,slt-a65vl,,,,,,,,,,,,,,
323,sony,alpha,slt-a99v,,,,,,,,,,,,,,
324,sony,bloggie,live(mhs-ts55),,,,,,,,,,,,,,
325,sony,cyber-shot,dsc-hx100v,,,,,,,,,,,,,,
326,sony,cyber-shot,dsc-hx200v,,,,,,,,,,,,,,
327,sony,cyber-shot,dsc-hx200v,,,,,,,,,,,,,,
328,sony,cyber-shot,dsc-hx20v,,,,,,,,,,,,,,
329,sony,cyber-shot,dsc-hx30v,,,,,,,,,,,,,,
330,sony,cyber-shot,dsc-hx5v,,,,,,,,,,,,,,
331,sony,cyber-shot,dsc-hx9v,,,,,,,,,,,,,,
332,sony,cybershot,dscp73,,,,,,,,,,,,,,
333,sony,cybershot,dscp73,,,,,,,,,,,,,,
334,sony,cybershot,dscr1,,,,,,,,,,,,,,
335,sony,cyber-shot,dsc-tx66,,,,,,,,,,,,,,
336,sony,cybershot,dscw200,,,,,,,,,,,,,,
337,sony,cyber-shot,dsc-w560,,,,,,,,,,,,,,
338,sony,cyber-shot,dsc-w560,,,,,,,,,,,,,,
339,sony,cyber-shot,dscw650,,,,,,,,,,,,,,
340,sony,cyber-shot,dsc-wx150,,,,,,,,,,,,,,
341,sony,cyber-shot,dsc-wx50,,,,,,,,,,,,,,
342,sony,dsc-f828,,,,,,,,,,,,,,,
343,sony,dsc-hx300/b,,,,,,,,,,,,,,,
344,sony,dsc-hx50v/b,,,,,,,,,,,,,,,
345,sony,dsc-rx1/b,,,,,,,,,,,,,,,
346,sony,dscrx10/b,,,,,,,,,,,,,,,
347,sony,dsc-rx100,,,,,,,,,,,,,,,
348,sony,dsc-rx100/b,,,,,,,,,,,,,,,
349,sony,dsc-rx100m,ii,,,,,,,,,,,,,,
350,sony,dsc-rx100m,iii,,,,,,,,,,,,,,
351,sony,dsc-w370,,,,,,,,,,,,,,,
352,sony,dsc-wx10,,,,,,,,,,,,,,,
353,sony,dslr,slta57k,alpha,,,,,,,,,,,,,
354,sony,dslra580,,,,,,,,,,,,,,,
355,sony,hx400v/b,,,,,,,,,,,,,,,
356,sony,hx400v/b,,,,,,,,,,,,,,,
357,sony,mvc-fd91,,,,,,,,,,,,,,,
358,sony,nex-3nl/w,,,,,,,,,,,,,,,
359,sony,nex-5n,,,,,,,,,,,,,,,
360,sony,nex-5rk/s,,,,,,,,,,,,,,,
361,sony,nex-6/b,,,,,,,,,,,,,,,
362,sony,nex-7,,,,,,,,,,,,,,,
363,sony,nex-f3k/b,,,,,,,,,,,,,,,
364,sony,slt-a58k,,,,,,,,,,,,,,,
365,sony,slt-a65v,,,,,,,,,,,,,,,
366,sony,wx350,,,,,,,,,,,,,,,
367,svp,dc-3d-80,,,,,,,,,,,,,,,
368,takara,tomy,3d,shot,cam,digital,camera,,,,,,,,,,
369,vivicam,x014n,10.1mp,digital,camera,(red),,,,,,,,,,,
370,vivitar,freelance,3-in-1,digital,camera,-,red,,,,,,,,,,
371,wingscapes,wsca04,timelapse,outdoor,plantcam,,,,,,,,,,,,
